0,1,idQ,idA
will covid stay and last forever,Speculation on the impact of COVID-19 .,406,0
will covid ever go away,Speculation on the impact of COVID-19 .,704,0
was covid predicted,Speculation on the impact of COVID-19 .,400,0
when covid will be over,Speculation on the impact of COVID-19 .,42,0
will covid be gone this year,Speculation on the impact of COVID-19 .,490,0
when will the covid virus end,Speculation on the impact of COVID-19 .,240,0
will covid be a problem next year,Speculation on the impact of COVID-19 .,682,0
will all jobs come back fast once the covid pandemic is over,Speculation on the impact of COVID-19 .,9,0
how long will we have to keep social distancing,Speculation on the impact of COVID-19 .,569,0
will covid end soon,Speculation on the impact of COVID-19 .,456,0
will covid come back,Speculation on the impact of COVID-19 .,281,0
will covid go away in spring,Speculation on the impact of COVID-19 .,181,0
when will covid end and covid 20 start,Speculation on the impact of COVID-19 .,674,0
will there be a second wave of the covid infection,Speculation on the impact of COVID-19 .,433,0
is covid likely to be at pandemic proportions for two years,Speculation on the impact of COVID-19 .,362,0
what is the official end date to covid,Speculation on the impact of COVID-19 .,1040,0
what would happen if we just let covid run its course and not practice social distancing,Speculation on the impact of COVID-19 .,371,0
will covid be gone by summer,Speculation on the impact of COVID-19 .,787,0
when covid end,Speculation on the impact of COVID-19 .,956,0
will covid die out,Speculation on the impact of COVID-19 .,237,0
can covid live on hair,How covid spread ?,129,8
do people who recovered from covid infection develop resistance against subsequent infections,How covid spread ?,548,8
are pets from a shelter safe to adopt,How covid spread ?,449,8
is it safe to do grocery shopping in costco amidst covid,How covid spread ?,650,8
can i go to the supermarket,How covid spread ?,613,8
can someone who has had covid spread the illness to others,How covid spread ?,479,8
can covid survive cold,How covid spread ?,480,8
is it possible to spread the covid after recovering from it,How covid spread ?,23,8
has anyone gotten covid twice (re infected),How covid spread ?,0,8
am i at risk for serious complications from covid if i smoke cigarettes,How covid spread ?,1038,8
why covid is contagious,How covid spread ?,717,8
after recovering from covid does a person have long term immunity to the virus,How covid spread ?,952,8
can i get covid from a package sent from china,How covid spread ?,194,8
can covid be transmitted through food,How covid spread ?,117,8
can covid live in the freezer,How covid spread ?,222,8
can household pets become infected with covid and then transmit it to other pets and human beings,How covid spread ?,628,8
why exposure risk of covid is very high for icu staff and what precautions should be taken,How covid spread ?,527,8
is covid seasonal,How covid spread ?,17,8
can covid spread through food,How covid spread ?,667,8
for whom does the covid pose a great threat,How covid spread ?,413,8
what is the proper capitalization for covid,Nomenclature about covid virus ?,920,13
what covid stands for,Nomenclature about covid virus ?,826,13
what is the acronym covid,Nomenclature about covid virus ?,655,13
why is covid called a novel virus,Nomenclature about covid virus ?,510,13
who covid pandemic,Nomenclature about covid virus ?,977,13
in covid what is the meaning of 19 here,Nomenclature about covid virus ?,1003,13
should covid be capitalized,Nomenclature about covid virus ?,156,13
should covid be all caps,Nomenclature about covid virus ?,928,13
what is covid disease 2019,Nomenclature about covid virus ?,191,13
what covid stand for,Nomenclature about covid virus ?,382,13
what is covid virus,Nomenclature about covid virus ?,915,13
why covid name,Nomenclature about covid virus ?,563,13
how covid got its name,Nomenclature about covid virus ?,144,13
what is covid stand for,Nomenclature about covid virus ?,558,13
what are covids,Nomenclature about covid virus ?,71,13
what will be the breaking point that will declare covid a pandemic,Nomenclature about covid virus ?,592,13
what is the genus of the sars covid,Nomenclature about covid virus ?,140,13
where does the word covid come from,Nomenclature about covid virus ?,364,13
shouldnt covid be declared as a pandemic,Nomenclature about covid virus ?,568,13
why covid called covid,Nomenclature about covid virus ?,450,13
have covid deaths peaked,Tell me some report of covid virus .,119,10
did covid peak,Tell me some report of covid virus .,684,10
why are the world politicians underestimating covid,Tell me some report of covid virus .,320,10
is the media hiding what is really going on in us hospitals amidst covid,Tell me some report of covid virus .,921,10
what are some rumors related to covid,Tell me some report of covid virus .,683,10
who covid mortality rate,Tell me some report of covid virus .,917,10
are covid cases going down,Tell me some report of covid virus .,896,10
are covid cases decreasing,Tell me some report of covid virus .,886,10
do you think the statistics on covid cases are underestimated,Tell me some report of covid virus .,397,10
are covid numbers going down,Tell me some report of covid virus .,950,10
is it true that covid is steadily declining,Tell me some report of covid virus .,135,10
do you think they will make a movie about covid,Tell me some report of covid virus .,643,10
can we expect new movies after covid,Tell me some report of covid virus .,585,10
what is the number of victims worldwide due to covid,Tell me some report of covid virus .,861,10
when was the first case of covid identified,Tell me some report of covid virus .,918,10
which covid model is best,Tell me some report of covid virus .,1037,10
can someone contract covid and not die,Tell me some report of covid virus .,888,10
how effective is the measure of social distancing in the fight against covid,Tell me some report of covid virus .,640,10
does china give correct information to other countries on covid,Tell me some report of covid virus .,245,10
where and when was covid first identified,Tell me some report of covid virus .,644,10
what are the safety measures taken globally to prevent covid,Some response from the societies,635,3
are you panicking over the covid,Some response from the societies,96,3
why does the usa have more confirmed covid cases than china,Some response from the societies,599,3
since covid came out has it scared you,Some response from the societies,331,3
is trump managing well on covid,Some response from the societies,298,3
what is china doing to stop the spread of covid,Some response from the societies,435,3
why are people more concerned with going back to work than staying home until the covid virus improves,Some response from the societies,149,3
is covid a hoax,Some response from the societies,703,3
how scared are you about covid,Some response from the societies,924,3
is the fear around the covid overblown justified or too early to say,Some response from the societies,213,3
what is cdc doing about covid,Some response from the societies,112,3
what are the various steps countries are taking to contain the covid,Some response from the societies,29,3
how concerned are you about the covid that causes covid,Some response from the societies,632,3
why is the usa so ill equipped to deal with covid when its supposedly the most advanced nation on earth,Some response from the societies,696,3
what do you think of trumps idea to inject disinfectant into your body as a cure for covid,Some response from the societies,212,3
why has trump stated that injecting disinfectant will kill covid in a minute,Some response from the societies,253,3
what should health care providers laboratories and health departments do,Some response from the societies,816,3
is covid that bad,Some response from the societies,446,3
why is the us so far behind other countries with testing,Some response from the societies,634,3
do you think the covid outbreak is really serious,Some response from the societies,570,3
what are you now avoiding as a result of the covid outbreak,How is the covid affect societies ?,502,14
how is the new covid disease going to affect the world,How is the covid affect societies ?,243,14
how has covid affected your job or career so far,How is the covid affect societies ?,225,14
how has covid impacted you so far,How is the covid affect societies ?,338,14
how can i prepare in case my childs school child care facility or university is dismissed,How is the covid affect societies ?,845,14
why doesnt china apologize for causing covid,How is the covid affect societies ?,273,14
have your views towards china changed after the burst of covid,How is the covid affect societies ?,798,14
could covid create world war like conditions,How is the covid affect societies ?,646,14
how will covid affect our generation,How is the covid affect societies ?,329,14
what would happen if trump tests positive for covid,How is the covid affect societies ?,537,14
will covid end the world,How is the covid affect societies ?,231,14
what happens if lockdown cant prevent from covid for a whole year especially that there is no vaccine and cure,How is the covid affect societies ?,488,14
what would be the aftermath of the covid outbreak,How is the covid affect societies ?,215,14
how is life before covid and after covid,How is the covid affect societies ?,508,14
how do you think is the new normal going to look like in after covid days to come,How is the covid affect societies ?,192,14
will the chinese government be held accountable in any way for the covid virus epidemic,How is the covid affect societies ?,623,14
how has covid affected your everyday life,How is the covid affect societies ?,525,14
how do you see china after the outbreak of covid,How is the covid affect societies ?,625,14
how covid will change the world,How is the covid affect societies ?,903,14
what will be some unexpected outcomes of the 2020 covid pandemic,How is the covid affect societies ?,409,14
who is covid patient 0,Where is the origin of the covid virus ?,929,9
was covid released on purpose,Where is the origin of the covid virus ?,257,9
did covid come from bats,Where is the origin of the covid virus ?,115,9
where covid come from,Where is the origin of the covid virus ?,464,9
did covid come from pangolin,Where is the origin of the covid virus ?,33,9
was covid weaponized,Where is the origin of the covid virus ?,651,9
where covid really come from,Where is the origin of the covid virus ?,2,9
is covid bioterrorism,Where is the origin of the covid virus ?,1001,9
what is a natural reservoir of covid,Where is the origin of the covid virus ?,82,9
where covid originated,Where is the origin of the covid virus ?,333,9
where covid came from,Where is the origin of the covid virus ?,150,9
was covid man made,Where is the origin of the covid virus ?,792,9
did covid escape from a research lab,Where is the origin of the covid virus ?,996,9
did covid come from a lab,Where is the origin of the covid virus ?,652,9
did covid start with a bat,Where is the origin of the covid virus ?,870,9
is our destruction of nature responsible for covid,Where is the origin of the covid virus ?,349,9
where covid originate,Where is the origin of the covid virus ?,770,9
did covid start with bats,Where is the origin of the covid virus ?,616,9
if covid wasnt engineered how did it develop,Where is the origin of the covid virus ?,216,9
what is the true origin of the covid virus and is the wuhan bat snacking hypothesis credible,Where is the origin of the covid virus ?,55,9
what disinfectants kill the covid virus,How can I protect myself from a covid infection ?,137,11
will covid vaccines be effective since a recovered person can contract the virus again,How can I protect myself from a covid infection ?,685,11
should i use a mask,How can I protect myself from a covid infection ?,726,11
how can i make sure to not get affected with the novel covid virus,How can I protect myself from a covid infection ?,791,11
what materials are you using to make homemade face masks for covid,How can I protect myself from a covid infection ?,459,11
can hydrogen peroxide kill the covid virus,How can I protect myself from a covid infection ?,477,11
how can i protect my child from a covid infection,How can I protect myself from a covid infection ?,626,11
should i purchase personal protective equipment for me and my family,How can I protect myself from a covid infection ?,10,11
can i use vodka as hand sanitizer,How can I protect myself from a covid infection ?,531,11
should i get a face mask,How can I protect myself from a covid infection ?,402,11
do masks help prevent the spread of covid,How can I protect myself from a covid infection ?,649,11
how are you avoiding gaining the covid,How can I protect myself from a covid infection ?,401,11
what company will produce the vaccine for covid,How can I protect myself from a covid infection ?,323,11
if novel covid antibodies may or may not offer long term immunity how would a vaccine help,How can I protect myself from a covid infection ?,991,11
is public transport best avoided given the covid outbreak,How can I protect myself from a covid infection ?,269,11
should i wear a mask to protect myself,How can I protect myself from a covid infection ?,515,11
if the h1n1 vaccine was developed so quickly why does the covid vaccine take so much time,How can I protect myself from a covid infection ?,526,11
should i wear a facemask,How can I protect myself from a covid infection ?,1039,11
how do i keep safe from covid,How can I protect myself from a covid infection ?,859,11
how do i stop covid,How can I protect myself from a covid infection ?,1036,11
why is it being advised to not take ibuprofen if one has covid,What are treatments of covid ?,949,6
what is the effect of chloroquine(cq) and hydroxychloroquine(hcq) on endosomal maturation and endocytosis in covid treatment,What are treatments of covid ?,954,6
should covid patients be intubated,What are treatments of covid ?,806,6
is there any cure for covid,What are treatments of covid ?,598,6
do chloroquine and azithromycin really work to handle severe cases of covid,What are treatments of covid ?,310,6
evidence of hydroxychloroquine(hcq) being anti inflammatory in covid critically ill patients with elevated plasma cytokines,What are treatments of covid ?,725,6
how should you treat the covid at home,What are treatments of covid ?,14,6
should i spray myself or my kids with disinfectant,What are treatments of covid ?,473,6
will a pneumonia or flu vaccine help protect against covid,What are treatments of covid ?,982,6
who will find the cure against the covid,What are treatments of covid ?,887,6
should covid patients take ibuprofen,What are treatments of covid ?,591,6
why is quinine effective in curing covid,What are treatments of covid ?,481,6
can quinine be taken to fight this covid virus,What are treatments of covid ?,602,6
should covid patients avoid ibuprofen,What are treatments of covid ?,1020,6
who do you believe about using hydroxychloroquine to treat covid,What are treatments of covid ?,889,6
do covid patients on ventilators recover,What are treatments of covid ?,937,6
what is trumps motivation for promoting hydroxychloroquine as a covid treatment,What are treatments of covid ?,111,6
why wouldnt tamiflu help against covid,What are treatments of covid ?,484,6
why should you not take advil during the covid pandemic,What are treatments of covid ?,224,6
what is hydroxylchloroquine and is it effective in the treatment of covid,What are treatments of covid ?,771,6
why covid testing,Testing knowledge of covid .,785,5
is it imperative to be tested for covid,Testing knowledge of covid .,53,5
should i be tested for covid,Testing knowledge of covid .,894,5
are covid tests reliable,Testing knowledge of covid .,812,5
what type of test was initially developed to screen for covid,Testing knowledge of covid .,198,5
what could be the implication of covid virus in anal swabs,Testing knowledge of covid .,136,5
when to get tested for covid,Testing knowledge of covid .,373,5
why cant we just test everyone in the us,Testing knowledge of covid .,675,5
in addition to oral swabs which tests detected the presence of covid virus,Testing knowledge of covid .,1017,5
should i get my pet tested for covid,Testing knowledge of covid .,246,5
which covid test is more accurate,Testing knowledge of covid .,375,5
what kind of test is being used to diagnose if i have covid,Testing knowledge of covid .,394,5
if antibody tests are not used for diagnosis or exclusion of covid infection what is their purpose,Testing knowledge of covid .,860,5
what is the relationship between the presence of virus in anal swabs and disease severity in covid,Testing knowledge of covid .,707,5
how covid test is done,Testing knowledge of covid .,930,5
why covid testing is important,Testing knowledge of covid .,415,5
how do testing kits for covid detect the virus,Testing knowledge of covid .,226,5
is there a test for covid,Testing knowledge of covid .,786,5
why are we still not testing everyone for covid,Testing knowledge of covid .,805,5
which covid antibody tests are accurate,Testing knowledge of covid .,102,5
what is the difference between seasonal flu and covid,What is the difference between covid and other diseases ?,555,7
why worry about covid when the flu kills so many people,What is the difference between covid and other diseases ?,981,7
which covid is sars,What is the difference between covid and other diseases ?,293,7
how do i know if it is covid or just the common flu,What is the difference between covid and other diseases ?,722,7
is covid the black death of the 21st century,What is the difference between covid and other diseases ?,989,7
why covid is not the flu,What is the difference between covid and other diseases ?,776,7
is covid worse than flu,What is the difference between covid and other diseases ?,879,7
was there a covid 18 before covid,What is the difference between covid and other diseases ?,290,7
is covid worse than the flu,What is the difference between covid and other diseases ?,759,7
what happened to covid 1 18 and will there be a covid 20,What is the difference between covid and other diseases ?,701,7
why covid is worse than flu,What is the difference between covid and other diseases ?,621,7
has covid been around for a while,What is the difference between covid and other diseases ?,277,7
why is covid nothing like the flu,What is the difference between covid and other diseases ?,261,7
is the covid pandemic comparable to the black death pandemic,What is the difference between covid and other diseases ?,547,7
has covid always existed,What is the difference between covid and other diseases ?,881,7
why covid is different than the flu,What is the difference between covid and other diseases ?,633,7
did covid exist years before scientists discovered it,What is the difference between covid and other diseases ?,512,7
has covid been in humans for years,What is the difference between covid and other diseases ?,841,7
whats the difference between covid and sars cov 2,What is the difference between covid and other diseases ?,686,7
how can we distinguish covid from flu as a patient,What is the difference between covid and other diseases ?,45,7
how can i make quick cash during the covid pandemic,How covid affects the economic ?,436,12
which sectors would create jobs following the covid pandemic,How covid affects the economic ?,330,12
is china gaining from the covid pandemic economically,How covid affects the economic ?,3,12
what investment strategies will be promising after the covid outbreak ends,How covid affects the economic ?,671,12
is it the right time to invest in the stock market as the market is unstable due to the covid fear,How covid affects the economic ?,828,12
will real estate prices go down with the covid panic,How covid affects the economic ?,30,12
how can i save money when i am working from home because of covid,How covid affects the economic ?,279,12
what damage to the economy will covid cause,How covid affects the economic ?,460,12
which stocks should i buy during the covid outbreak,How covid affects the economic ?,372,12
how will covid affect the financial market,How covid affects the economic ?,514,12
how is covid affecting peoples personal finance,How covid affects the economic ?,79,12
which is the best business to start amidst covid,How covid affects the economic ?,676,12
will covid trigger a global recession,How covid affects the economic ?,972,12
where should we invest after covid ends,How covid affects the economic ?,97,12
why are stock markets dipping in response to covid,How covid affects the economic ?,716,12
will there be a lot of layoffs in the tech industry due to the covid pandemic,How covid affects the economic ?,763,12
can you make money online during covid country lockdown,How covid affects the economic ?,790,12
how has covid affected cryptocurrencies,How covid affects the economic ?,165,12
which industries are likely to flourish during the covid pandemic,How covid affects the economic ?,288,12
what is it that is making the stock market even better amid the covid pandemic,How covid affects the economic ?,761,12
which covid symptom is first,What is the symptoms of covid ?,780,4
what are the early symptoms of the covid,What is the symptoms of covid ?,61,4
which covid symptoms appear first,What is the symptoms of covid ?,87,4
are covid symptoms sudden,What is the symptoms of covid ?,738,4
what covid feels like,What is the symptoms of covid ?,462,4
do covid symptoms come on quickly,What is the symptoms of covid ?,932,4
do covid symptoms come on suddenly,What is the symptoms of covid ?,69,4
what illness is caused by the covid covid,What is the symptoms of covid ?,427,4
what covid symptoms,What is the symptoms of covid ?,454,4
what are the symptoms of covid 2019,What is the symptoms of covid ?,485,4
do covid symptoms come and go,What is the symptoms of covid ?,1041,4
what are the symptoms and complications that covid can cause,What is the symptoms of covid ?,994,4
have covid with no symptoms,What is the symptoms of covid ?,748,4
does covid have any neurological symptoms,What is the symptoms of covid ?,901,4
is it possible to have covid without any symptoms at all,What is the symptoms of covid ?,175,4
is it true young people with covid are also having blood clots and strokes,What is the symptoms of covid ?,911,4
what are the most common symptoms of covid,What is the symptoms of covid ?,317,4
do covid symptoms come on fast,What is the symptoms of covid ?,210,4
what is the name of the disease caused buy covid,What is the symptoms of covid ?,134,4
who covid symptoms,What is the symptoms of covid ?,74,4
which covid symptoms lead to death,Having COVID,983,2
why are some people asymptomatic while others can be highly symptomatic with the covid,Having COVID,46,2
does covid cause permanent lung damage,Having COVID,483,2
had covid and recovered,Having COVID,219,2
what covid does to your body,Having COVID,186,2
if infected with covid can you survive it and recover,Having COVID,705,2
how long does it take to recover,Having COVID,6,2
does covid go away,Having COVID,734,2
will covid kill me,Having COVID,1008,2
what covid do,Having COVID,227,2
why are so many people who get the covid asymptomatic,Having COVID,493,2
how covid attacks the body,Having COVID,405,2
does covid cause irreversible damage to the respiratory system,Having COVID,294,2
how long is the incubation period for covid,Having COVID,969,2
for how long do people stay infected with covid,Having COVID,943,2
is covid deadly,Having COVID,387,2
what lasting health impact will covid have on those who recover from covid,Having COVID,781,2
can old people with covid survive,Having COVID,810,2
what covid does to the body,Having COVID,170,2
how does the covid virus cause death in the infected patient,Having COVID,653,2
what would you do if you found out you had covid,What would you if you found out you or other had covid ?,690,1
what are your tips for staying productive while staying home during the covid pandemic,What would you if you found out you or other had covid ?,280,1
how do we cope with stress during covid,What would you if you found out you or other had covid ?,733,1
what do i do if i think im sick,What would you if you found out you or other had covid ?,282,1
have you changed any of your plans due to covid,What would you if you found out you or other had covid ?,81,1
what can i do if my loved one suspects they have covid,What would you if you found out you or other had covid ?,577,1
why are so many people not taking the covid threat seriously,What would you if you found out you or other had covid ?,50,1
how are you using the sudden surplus of time you have due to the covid social distancing and closures,What would you if you found out you or other had covid ?,126,1
what are you doing to spend time while staying home due to covid,What would you if you found out you or other had covid ?,76,1
what is the one thing you want to do when covid is over,What would you if you found out you or other had covid ?,72,1
why are people visiting the beaches during the covid crisis,What would you if you found out you or other had covid ?,162,1
why are the naysayers saying the covid isnt real,What would you if you found out you or other had covid ?,567,1
whats something youve enjoyed since covid quarantining,What would you if you found out you or other had covid ?,697,1
how are you planning to spend the next 21 curfew days due to covid,What would you if you found out you or other had covid ?,988,1
should i cancel my trip,What would you if you found out you or other had covid ?,528,1
what should i do if someone in my house gets sick with covid,What would you if you found out you or other had covid ?,789,1
would you consider getting a vaccine for covid,What would you if you found out you or other had covid ?,283,1
will you take a mandatory covid vaccine,What would you if you found out you or other had covid ?,1047,1
are covid hoax hypotheses a form of denial based coping,What would you if you found out you or other had covid ?,174,1
what should you do if you suspect you have covid,What would you if you found out you or other had covid ?,286,1
is it possible for covid to come again,Speculation on the impact of COVID-19 .,305,0
can covid return after lockdown is lifted,Speculation on the impact of COVID-19 .,665,0
what are the chances that covid will hit again,Speculation on the impact of COVID-19 .,795,0
in what ways can covid infect medical staff,How covid spread ?,221,8
is it possible to be infected by an asymptomatic person,How covid spread ?,21,8
can contacts put me at risk for covid,How covid spread ?,58,8
are contacts likely to spread covid,How covid spread ?,325,8
is it better to wear glasses than contacts,How covid spread ?,114,8
how are medical workers being infected,How covid spread ?,603,8
will mosquitoes give me covid,How covid spread ?,1,8
is it possible to get covid from someone who died of covid,How covid spread ?,359,8
is it possible for water to transmit covid,How covid spread ?,754,8
is it possible for kids to get covid,How covid spread ?,38,8
is it dangerous to get donated blood,How covid spread ?,601,8
will i get covid if i go to the store,How covid spread ?,355,8
am i more likely to get covid from contacts,How covid spread ?,301,8
can covid spread through water,How covid spread ?,539,8
will i get covid by being near someone who recovered from covid,How covid spread ?,429,8
is it okay to go buy groceries,How covid spread ?,95,8
can covid be transmitted after death,How covid spread ?,718,8
what is the relationship between age and risk of covid,How covid spread ?,407,8
what is the relationship between blood type and risk of covid infection,How covid spread ?,803,8
are recovered covid patients still contagious,How covid spread ?,258,8
if i have recovered from covid will i be immune to it,How covid spread ?,267,8
for what reasons are hospital workers being exposed to covid,How covid spread ?,1045,8
how are blood donors being screened,How covid spread ?,391,8
can i get infected from donated blood,How covid spread ?,829,8
can i get covid from water,How covid spread ?,627,8
is it possible for animals in the wilderness to carry covid,How covid spread ?,374,8
should i be concerned about a wild animal giving me covid,How covid spread ?,389,8
how likely am i to get covid from mosquitoes,How covid spread ?,503,8
is it possible to get covid from mosquitoes,How covid spread ?,758,8
are dead covid patients still contagious,How covid spread ?,834,8
do recovered covid patients infect people,How covid spread ?,629,8
will i get covid from a wild animal,How covid spread ?,869,8
do certain blood types have less chance of getting covid,How covid spread ?,669,8
could covid potentially be transmitted through water,How covid spread ?,495,8
is it risky to be near wild animals,How covid spread ?,589,8
is it possible for donated blood to spread covid,How covid spread ?,885,8
how is covid infecting medical worekrs,How covid spread ?,766,8
is it safe to go shopping,How covid spread ?,706,8
can i be infected by someone who recovered from covid,How covid spread ?,217,8
is it risky to receive donated blood,How covid spread ?,417,8
can a dead covid patient infect me,How covid spread ?,153,8
is there a reason that covid is called a pandemic now,Nomenclature about covid virus ?,715,13
what is a covid,Nomenclature about covid virus ?,536,13
what does it mean that covid is novel,Nomenclature about covid virus ?,4,13
what is a pandemic,Nomenclature about covid virus ?,872,13
why is covid a pandemic,Nomenclature about covid virus ?,719,13
is covid supposed to be uppercase,Nomenclature about covid virus ?,672,13
is there a difference between covid being an epidemic and a pandemic,Nomenclature about covid virus ?,825,13
what is the scientifically accurate way to write covid,Nomenclature about covid virus ?,196,13
when would covid be considered a pandemic,Nomenclature about covid virus ?,93,13
am i wrong to capitalize covid,Nomenclature about covid virus ?,698,13
how is the novel covid different,Nomenclature about covid virus ?,430,13
what is the most reliable covid model right now,Tell me some report of covid virus .,836,10
have our efforts against covid helped,Tell me some report of covid virus .,583,10
which covid model should be used,Tell me some report of covid virus .,80,10
what is the predicted number of deaths due to covid,Tell me some report of covid virus .,882,10
whats the best covid model,Tell me some report of covid virus .,416,10
am i guaranteed to die if i have covid,Tell me some report of covid virus .,104,10
what is the current number of deaths due to covid,Tell me some report of covid virus .,664,10
could china be misleading us,Tell me some report of covid virus .,660,10
have we made progress in the fight against covid,Tell me some report of covid virus .,379,10
how many deaths will covid ultimately cause,Tell me some report of covid virus .,1015,10
which covid model can we trust,Tell me some report of covid virus .,902,10
when did we learn the sequence of covid,Some response from the societies,238,3
what strategies did china use to stop covid,Some response from the societies,691,3
why have so many people died from covid in the us,Some response from the societies,838,3
how long was the delay between noticing covid and getting its genome,Some response from the societies,287,3
why does the us have so many infections,Some response from the societies,189,3
how should medical centers respond to a covid patient,Some response from the societies,392,3
was trump serious when suggesting to fight covid with disinfectant injections,Some response from the societies,270,3
how long was needed to get covids full genome sequence,Some response from the societies,762,3
how come the us is hit so bad by covid,Some response from the societies,190,3
for what reasons is the us handling the pandemic so poorly,Some response from the societies,728,3
how are hospitals dealing with covid,Some response from the societies,105,3
do hospitals have special steps for covid patients,Some response from the societies,385,3
how was china able to control covid so well,Some response from the societies,864,3
are there any specific procedures for hospitals to follow,Some response from the societies,850,3
when he suggested that injecting disinfectant could cure covid was trump joking,Some response from the societies,1027,3
what was the time needed to get the full sequence of covid,Some response from the societies,908,3
is trump to blame for the covid outbreak,How is the covid affect societies ?,1044,14
can we blame trump for covid,How is the covid affect societies ?,756,14
what would be the best way to hold china accountable for covid,How is the covid affect societies ?,663,14
is my child still able to learn while in lockdown,How is the covid affect societies ?,778,14
is the world going to end because of covid,How is the covid affect societies ?,757,14
what steps should i take to ensure my child keeps learning,How is the covid affect societies ?,344,14
what will the effects of covid be on the election,How is the covid affect societies ?,19,14
will the presidential election be affected by covid,How is the covid affect societies ?,1021,14
if school is cancelled how will my kid learn,How is the covid affect societies ?,997,14
is covid the end of humanity,How is the covid affect societies ?,182,14
in what ways have people been affected by covid,How is the covid affect societies ?,28,14
is there any way to penalize china for covid,How is the covid affect societies ?,984,14
could covid kill all humans,How is the covid affect societies ?,1005,14
how can i make sure my child continues to get their education,How is the covid affect societies ?,418,14
how long ago was covid first found,Where is the origin of the covid virus ?,264,9
what is the start date of covid,Where is the origin of the covid virus ?,529,9
how covid began,Where is the origin of the covid virus ?,443,9
how did covid begin,Where is the origin of the covid virus ?,573,9
where was covid found,Where is the origin of the covid virus ?,315,9
how did covid come to be,Where is the origin of the covid virus ?,600,9
how did covid get started,Where is the origin of the covid virus ?,265,9
are there ways other than hand sanitizer and soap to kill covid,How can I protect myself from a covid infection ?,559,11
are there any recommended products for disinfecting covid,How can I protect myself from a covid infection ?,91,11
is it possible to disinfect surfaces with alternative disinfection methods,How can I protect myself from a covid infection ?,827,11
am i allowed to go out,How can I protect myself from a covid infection ?,721,11
can i still go to work,How can I protect myself from a covid infection ?,542,11
will alternative disinfection work against covid,How can I protect myself from a covid infection ?,842,11
other than hand sanitizer how can i protect myself from covid,How can I protect myself from a covid infection ?,638,11
how is covid prevented,How can I protect myself from a covid infection ?,453,11
is there a way to not get covid,How can I protect myself from a covid infection ?,334,11
which face mask protects me from covid,How can I protect myself from a covid infection ?,467,11
what is taking so long to develop a vaccine for covid,How can I protect myself from a covid infection ?,804,11
what type of facemask should i use,How can I protect myself from a covid infection ?,576,11
what should i do to stop my kids from getting covid,How can I protect myself from a covid infection ?,302,11
can i use radiation to kill covid,How can I protect myself from a covid infection ?,492,11
are there any recommended ways to protect children from covid,How can I protect myself from a covid infection ?,316,11
how can i best kill covid,How can I protect myself from a covid infection ?,687,11
is there a way to kill covid without hand sanitizer,How can I protect myself from a covid infection ?,765,11
is there a specific mask i should use to prevent covid,How can I protect myself from a covid infection ?,496,11
is it still safe to work,How can I protect myself from a covid infection ?,458,11
how do i disinfect if i dont have hand sanitizer,How can I protect myself from a covid infection ?,121,11
how should parents keep children safe,How can I protect myself from a covid infection ?,1007,11
is it risky to continue going to work,How can I protect myself from a covid infection ?,673,11
how do i know if i should stop going to work,How can I protect myself from a covid infection ?,419,11
at what point should i stop going to work,How can I protect myself from a covid infection ?,451,11
should i get out of the house,How can I protect myself from a covid infection ?,171,11
can i kill covid without hand sanitizer,How can I protect myself from a covid infection ?,295,11
is there anything i can use to kill covid,How can I protect myself from a covid infection ?,145,11
will i get covid if i go outside,How can I protect myself from a covid infection ?,880,11
what is the most effective way to kill covid,How can I protect myself from a covid infection ?,124,11
how is there still not a vaccine or cure for covid,How can I protect myself from a covid infection ?,328,11
is it risky to leave my house to exercise,How can I protect myself from a covid infection ?,154,11
what is the best way to make sure my child wont get infected,How can I protect myself from a covid infection ?,714,11
how can families get ready for lockdown,How can I protect myself from a covid infection ?,561,11
is diy hand sanitizer useful,How can I protect myself from a covid infection ?,575,11
has someone made a vaccine for covid yet,How can I protect myself from a covid infection ?,970,11
can homemade hand sanitizer replace real hand sanitizer,How can I protect myself from a covid infection ?,201,11
are we still waiting for a vaccine for covid,How can I protect myself from a covid infection ?,347,11
how should people in the same house get ready for covid,How can I protect myself from a covid infection ?,813,11
is there anything i can do to help my family prepare for covid,How can I protect myself from a covid infection ?,848,11
what can i do to prepare my family for a covid outbreak,How can I protect myself from a covid infection ?,52,11
is covid curable,What are treatments of covid ?,844,6
is covid weak to antibiotics,What are treatments of covid ?,656,6
could plasma be a treatment for covid,What are treatments of covid ?,597,6
is covid survivable without ventilators,What are treatments of covid ?,998,6
is it safe for covid patients to take ibuprofen,What are treatments of covid ?,25,6
do you need help breathing if you have covid,What are treatments of covid ?,724,6
can disinfectant sprays cure me if i have covid,What are treatments of covid ?,343,6
is there a way to get rid of covid after being infected,What are treatments of covid ?,953,6
can covid be treated with antibiotics,What are treatments of covid ?,688,6
has a treatment been released to treat covid,What are treatments of covid ?,612,6
can covid be treated with ibuprofen,What are treatments of covid ?,73,6
is it possible to cure covid,What are treatments of covid ?,892,6
is there a treatment for covid yet,What are treatments of covid ?,299,6
should i ingest disinfectant to cure covid,What are treatments of covid ?,990,6
can i use ibuprofen if i have covid,What are treatments of covid ?,871,6
how can covid patients be treated,What are treatments of covid ?,615,6
will ibuprofen have adverse effects on covid patients,What are treatments of covid ?,727,6
was plasma successful in treating covid patients,What are treatments of covid ?,595,6
can antibiotics kill covid,What are treatments of covid ?,223,6
is it true that i can get rid of covid by drinking cleaners,What are treatments of covid ?,839,6
will pets be tested for covid,Testing knowledge of covid .,20,5
do i need to get tested,Testing knowledge of covid .,1034,5
can case severity be predicted based on anal swabs,Testing knowledge of covid .,8,5
is there a fee to be tested for covid,Testing knowledge of covid .,572,5
do i have to pay to get tested for covid,Testing knowledge of covid .,106,5
why are we testing for covid,Testing knowledge of covid .,202,5
how do i know if i need to be tested,Testing knowledge of covid .,390,5
can i test my pet for covid,Testing knowledge of covid .,1028,5
have anal swab tests been linked with case severity,Testing knowledge of covid .,278,5
do covid tests help,Testing knowledge of covid .,833,5
does the presence of covid in anal swabs determine how severe it is,Testing knowledge of covid .,398,5
how much does a covid test cost,Testing knowledge of covid .,65,5
are covid tests being used on pets,Testing knowledge of covid .,895,5
can i test myself for covid just in case,Testing knowledge of covid .,884,5
is there a correlation between severity and anal swab tests,Testing knowledge of covid .,534,5
are there requirements to be tested,Testing knowledge of covid .,77,5
what is the point of testing people for covid,Testing knowledge of covid .,948,5
am i able to test my pet for covid,Testing knowledge of covid .,187,5
will i be charged for a covid test,Testing knowledge of covid .,967,5
how can i tell if i have the flu or covid,What is the difference between covid and other diseases ?,968,7
what is the relation between sars cov and covid,What is the difference between covid and other diseases ?,875,7
what are the differences between influenza and covid,What is the difference between covid and other diseases ?,944,7
what makes covid particularly dangerous,What is the difference between covid and other diseases ?,157,7
what makes covid more dangerous than sars,What is the difference between covid and other diseases ?,304,7
are there ways to tell if its covid or flu,What is the difference between covid and other diseases ?,1004,7
are there covids before this one,What is the difference between covid and other diseases ?,586,7
how is covid dangerous,What is the difference between covid and other diseases ?,100,7
how can we distinguish between covid and the flu,What is the difference between covid and other diseases ?,500,7
how long has covid existed,What is the difference between covid and other diseases ?,130,7
is sars and covid the same thing,What is the difference between covid and other diseases ?,1000,7
are sars cov and covid related,What is the difference between covid and other diseases ?,654,7
was covid preceded by covid 18,What is the difference between covid and other diseases ?,247,7
how does covid differ from the flu,What is the difference between covid and other diseases ?,505,7
is there any way to tell between covid and flu,What is the difference between covid and other diseases ?,113,7
which stocks are the most profitable during covid,How covid affects the economic ?,482,12
what is the reasoning behind covid affecting the stock market,How covid affects the economic ?,853,12
for what reason is the stock market affected by covid,How covid affects the economic ?,494,12
will i be able to make money by buying stocks,How covid affects the economic ?,268,12
in what ways has the it industry been affected by covid,How covid affects the economic ?,750,12
how has covid affected the it industry,How covid affects the economic ?,366,12
can covid cause secondary illnesses,What is the symptoms of covid ?,731,4
how quickly will symptoms of covid appear,What is the symptoms of covid ?,817,4
if i have covid will i have a stroke,What is the symptoms of covid ?,940,4
can you have a stroke because of covid,What is the symptoms of covid ?,195,4
is it possible to get a stroke from covid,What is the symptoms of covid ?,169,4
is there a predictable initial symptom of covid,What is the symptoms of covid ?,641,4
what are the beginning symptoms for covid,What is the symptoms of covid ?,578,4
are there other illnesses that result from covid,What is the symptoms of covid ?,518,4
what other disease will covid result in,What is the symptoms of covid ?,448,4
how do covid symptom start,What is the symptoms of covid ?,311,4
which disease does covid cause,What is the symptoms of covid ?,670,4
do covid patients get strokes,What is the symptoms of covid ?,352,4
can you have two viruses at once,Having COVID,661,2
what are the ways that covid can kill people,Having COVID,935,2
do we know how long covid incubates,Having COVID,1026,2
what is the maximum time that someone can have covid without symptoms,Having COVID,658,2
will covid result in permanent damage,Having COVID,694,2
how does covid cause death,Having COVID,648,2
how long does it take for infected people to show symptoms,Having COVID,579,2
what is covids incubation period,Having COVID,160,2
will having the flu prevent me from getting covid,Having COVID,110,2
am i at risk for covid if i have the flu,Having COVID,376,2
can you get covid if you already have the flu,Having COVID,619,2
are there any permanent effects of covid,Having COVID,404,2
how risky is it to go on vacation,What would you if you found out you or other had covid ?,506,1
how can i stay safe if someone i live with gets covid,What would you if you found out you or other had covid ?,720,1
are there any steps that suspected covid patients should take,What would you if you found out you or other had covid ?,342,1
can i still travel,What would you if you found out you or other had covid ?,85,1
will i get covid if i go on a trip,What would you if you found out you or other had covid ?,208,1
if a family member gets sick from covid what do i do,What would you if you found out you or other had covid ?,862,1
are there any steps i should take if i think someone i live with has covid,What would you if you found out you or other had covid ?,606,1
is it safe to go on vacation,What would you if you found out you or other had covid ?,393,1
what are the procedures that i should take if i think i have covid,What would you if you found out you or other had covid ?,434,1
what is the best way to deal with stress during lockdown,What would you if you found out you or other had covid ?,146,1
The Coverid will stay and last forever ,Speculation on the impact of COVID-19 .,520,0
The COVIID is when away ,Speculation on the impact of COVID-19 .,43,0
Coovid was predicted ,Speculation on the impact of COVID-19 .,255,0
When COVID will end ,Speculation on the impact of COVID-19 .,955,0
Will be Coveider this year ,Speculation on the impact of COVID-19 .,784,0
When will COVID virus end ,Speculation on the impact of COVID-19 .,116,0
Coverid will be a problem next year ,Speculation on the impact of COVID-19 .,472,0
All jobs come back to back ,Speculation on the impact of COVID-19 .,749,0
How long do we have to keep social disruption ,Speculation on the impact of COVID-19 .,874,0
Quickly covider quickly ,Speculation on the impact of COVID-19 .,980,0
COVIID comes back ,Speculation on the impact of COVID-19 .,312,0
COVID goes away in spring ,Speculation on the impact of COVID-19 .,611,0
When covid end and covied 20 will start ,Speculation on the impact of COVID-19 .,1042,0
There will be a second wave of covid infections ,Speculation on the impact of COVID-19 .,228,0
Cowide may be an epidemic proportions for two years ,Speculation on the impact of COVID-19 .,584,0
What is the official end date to coivid ,Speculation on the impact of COVID-19 .,235,0
What happens if we can just run its way and do not practice socially distractions ,Speculation on the impact of COVID-19 .,553,0
QUVID is going by summer ,Speculation on the impact of COVID-19 .,689,0
When the Covid End ,Speculation on the impact of COVID-19 .,275,0
COVIDE dies ,Speculation on the impact of COVID-19 .,1009,0
Is it possible to come to this instruction ,Speculation on the impact of COVID-19 .,854,0
Lockdown can be taken back ,Speculation on the impact of COVID-19 .,229,0
What are the possibilities that Moivid will hit again ,Speculation on the impact of COVID-19 .,855,0
What is the proper capitalization for COVID? ,Nomenclature about covid virus ?,541,13
Which covid stands for ,Nomenclature about covid virus ?,807,13
What is the ACROMMAN COVID ,Nomenclature about covid virus ?,1024,13
Why moided called a novel virus ,Nomenclature about covid virus ?,519,13
Adminism of the adjacent ,Nomenclature about covid virus ?,41,13
What does the covid in 9 mean ,Nomenclature about covid virus ?,410,13
Must be Coved Capid ,Nomenclature about covid virus ?,979,13
COVID should be all caps ,Nomenclature about covid virus ?,544,13
COVIDE Disease 2019 What is ,Nomenclature about covid virus ?,831,13
What is standing for the covid ,Nomenclature about covid virus ?,445,13
What is COVID virus ,Nomenclature about covid virus ?,987,13
Why SEVID name ,Nomenclature about covid virus ?,549,13
How is ISVID its name ,Nomenclature about covid virus ?,618,13
COVIDE is standing for ,Nomenclature about covid virus ?,856,13
What are Kevides ,Nomenclature about covid virus ?,34,13
What will be declared a bredking point that will declare an epidemic ,Nomenclature about covid virus ?,668,13
What is the cyre of the shares ,Nomenclature about covid virus ?,768,13
The word comes from where ,Nomenclature about covid virus ?,442,13
Mowward will be declared as an epidemic ,Nomenclature about covid virus ?,1029,13
Why is the mowwide ,Nomenclature about covid virus ?,44,13
There is a reason that Mwid is now called an administrative ,Nomenclature about covid virus ?,752,13
What is a cavid ,Nomenclature about covid virus ?,59,13
What does this mean that the armor is novel ,Nomenclature about covid virus ?,39,13
What is the epidemic ,Nomenclature about covid virus ?,57,13
Why is there an epidemic ,Nomenclature about covid virus ?,783,13
Coverid is considered uppercase ,Nomenclature about covid virus ?,260,13
There is a difference between an epidemic and an epidemic of an epidemic ,Nomenclature about covid virus ?,1030,13
What is the correct way to write COVID ,Nomenclature about covid virus ?,912,13
When is the sailor considered an epidemic ,Nomenclature about covid virus ?,164,13
I'm wrong to Capidness Capid ,Nomenclature about covid virus ?,92,13
How is the novel colvid different ,Nomenclature about covid virus ?,12,13
COVID is death ,Tell me some report of covid virus .,873,10
Coved chub ,Tell me some report of covid virus .,491,10
Why are world politicians ignoring COVIDE ,Tell me some report of covid virus .,1013,10
What is hiding the media that is doing in US hospitals ,Tell me some report of covid virus .,516,10
Kevid has some rumors ,Tell me some report of covid virus .,865,10
The self confidence rate rate of ,Tell me some report of covid virus .,976,10
The COVID case are going ,Tell me some report of covid virus .,562,10
COVIDED CAILS MOST ,Tell me some report of covid virus .,852,10
Do you think the statistics are less importance in Coveivid ,Tell me some report of covid virus .,98,10
COVID number are going down ,Tell me some report of covid virus .,158,10
This is true that Mwid is decreasingly decreasing ,Tell me some report of covid virus .,993,10
Do you think they will make a movie about Covid ,Tell me some report of covid virus .,1016,10
Can we expect new movies after covid? ,Tell me some report of covid virus .,444,10
What is the number of worldwide of the covid ,Tell me some report of covid virus .,128,10
When was the first case of Coverid identity ,Tell me some report of covid virus .,62,10
Which COVIID model is perfect ,Tell me some report of covid virus .,176,10
Can someone to create and die ,Tell me some report of covid virus .,819,10
How effective means to fight against mvids ,Tell me some report of covid virus .,478,10
Does China give other countries right to other countries? ,Tell me some report of covid virus .,607,10
Where and when are Civid first identified ,Tell me some report of covid virus .,7,10
What is the most reliable covide model now ,Tell me some report of covid virus .,248,10
COVIDE is our attempt against help ,Tell me some report of covid virus .,709,10
Which COVID model should use ,Tell me some report of covid virus .,84,10
What is the forecast number of deaths due to COVID ,Tell me some report of covid virus .,751,10
What is the best COVID model ,Tell me some report of covid virus .,530,10
Do I guarantee all of myself if I resorted ,Tell me some report of covid virus .,857,10
What is the current number of deaths due to COVID ,Tell me some report of covid virus .,532,10
China can be confusing us ,Tell me some report of covid virus .,75,10
We made progress against the COVID ,Tell me some report of covid virus .,961,10
How long deaths will continue ,Tell me some report of covid virus .,1002,10
Which covid model can we believe ,Tell me some report of covid virus .,461,10
What are you as a result of the Cavid Disaster? ,How is the covid affect societies ?,523,14
How a new colleague disease will affect the world ,How is the covid affect societies ?,424,14
How a helper has affected your job or career so far ,How is the covid affect societies ?,142,14
How the helper has recently influenced you ,How is the covid affect societies ?,708,14
How can I prepare if my child's child's child's child care facility or university have been dismissed ,How is the covid affect societies ?,517,14
Why doesn't China apologize for COVID ,How is the covid affect societies ?,396,14
China has changed after the foot of the canvid ,How is the covid affect societies ?,680,14
Conditions such as world war can create ,How is the covid affect societies ?,177,14
How will covide affect our generations ,How is the covid affect societies ?,737,14
What happens if Trump tests positively for COVIDE ,How is the covid affect societies ?,965,14
COVIDS will end the world ,How is the covid affect societies ?,849,14
"What happens if Lockdown can stop for the whole year from the colleague, especially no vaccine and treatment ",How is the covid affect societies ?,120,14
What will be the following after the collogue ,How is the covid affect societies ?,411,14
How is life is the covid and covid after ,How is the covid affect societies ?,931,14
How do you think the new normal colorful day seems to give ,How is the covid affect societies ?,782,14
Chinese government is responsive in any way for COVERD virus ethnic ,How is the covid affect societies ?,964,14
How a helper has affected your daily life ,How is the covid affect societies ?,936,14
How do you see China after the disaster of COVID ,How is the covid affect societies ?,262,14
How Coverid changes the world ,How is the covid affect societies ?,593,14
What will some unexpected result of the covid epidemic of 2020 ,How is the covid affect societies ?,837,14
Trump is a trump for Cowid Disaster ,How is the covid affect societies ?,743,14
We can blame Trump for COVIDE? ,How is the covid affect societies ?,1010,14
COVIDE will be the best way to keep China accountable ,How is the covid affect societies ?,155,14
My child is able to learn when I still lock ,How is the covid affect societies ?,291,14
Is the world going to end due to the cause of ,How is the covid affect societies ?,475,14
What steps should I take to ensure that my child learns to learn ,How is the covid affect societies ?,866,14
The effects of COVIDE will be in the election ,How is the covid affect societies ?,184,14
Presidential election will be affected by Crovide ,How is the covid affect societies ?,540,14
How is my child learns if school is canceled ,How is the covid affect societies ?,147,14
Is helpful to the end of humanity ,How is the covid affect societies ?,973,14
In what ways are people affected by COVID ,How is the covid affect societies ?,808,14
There is a way to bring a pen for covid ,How is the covid affect societies ?,94,14
Can help all people kill ,How is the covid affect societies ?,1031,14
How can I say that my child is receiving their education ,How is the covid affect societies ?,159,14
The Mode patient is 0 ,Where is the origin of the covid virus ?,89,9
Were issued in purpose ,Where is the origin of the covid virus ?,249,9
What Covid comes from Bowts ,Where is the origin of the covid virus ?,662,9
Where comes from ,Where is the origin of the covid virus ?,395,9
Coved comes from Pangolin ,Where is the origin of the covid virus ?,863,9
The Covid Weapon was ,Where is the origin of the covid virus ?,239,9
Where ITVID is actually come ,Where is the origin of the covid virus ?,51,9
Coved BioDererririr ,Where is the origin of the covid virus ?,814,9
What is the natural reservoir of COVIDE ,Where is the origin of the covid virus ?,289,9
Where Covid generated ,Where is the origin of the covid virus ?,511,9
Where did it come from ,Where is the origin of the covid virus ?,205,9
Coved man was told ,Where is the origin of the covid virus ?,439,9
What is coveride from a research lab ,Where is the origin of the covid virus ?,995,9
What Covid comes from a lab ,Where is the origin of the covid virus ?,199,9
COVID started with a bat ,Where is the origin of the covid virus ?,700,9
The destruction of our nature is responsible for covid ,Where is the origin of the covid virus ?,605,9
Where Coviid begins ,Where is the origin of the covid virus ?,204,9
Started with covid BOWTS ,Where is the origin of the covid virus ?,422,9
If the support was engineered how did it happen? ,Where is the origin of the covid virus ?,732,9
What is the correct origin of the COVIID virus and WAHON Banking Singching Rasic Trust credible trustworthy ,Where is the origin of the covid virus ?,31,9
How long ago is the covid first time ,Where is the origin of the covid virus ?,934,9
What is the start date of COVIDE ,Where is the origin of the covid virus ?,963,9
How quvid started ,Where is the origin of the covid virus ?,16,9
How did COVID started ,Where is the origin of the covid virus ?,893,9
Where the QUVID was found ,Where is the origin of the covid virus ?,604,9
How did Sevid come to be ,Where is the origin of the covid virus ?,608,9
How did COVID started ,Where is the origin of the covid virus ?,893,9
What is the difference between seasonal flu and covid ,What is the difference between covid and other diseases ?,801,7
Why do worrying about the Morara kills a lot of people ,What is the difference between covid and other diseases ?,15,7
Which Covid ARS is ,What is the difference between covid and other diseases ?,735,7
How do I know if it is coviid or simple flu ,What is the difference between covid and other diseases ?,926,7
The 21st century black death has been supported ,What is the difference between covid and other diseases ?,350,7
Why is the Mwoid flu ,What is the difference between covid and other diseases ?,1043,7
The cover is worse than the flu ,What is the difference between covid and other diseases ?,645,7
There was a covid 18 before covide ,What is the difference between covid and other diseases ?,681,7
Armor is bad than the flu ,What is the difference between covid and other diseases ?,566,7
What happened to Kevid 1 and there may be a covid 20 ,What is the difference between covid and other diseases ?,234,7
Why is the Mwid flu is worse than ,What is the difference between covid and other diseases ?,740,7
COVIDE is around for some time ,What is the difference between covid and other diseases ?,271,7
Why is there any of the covids ,What is the difference between covid and other diseases ?,313,7
Black Death is Mwed Epidemic compared to the epidemic ,What is the difference between covid and other diseases ?,353,7
COVID is always passing ,What is the difference between covid and other diseases ?,554,7
Why is the SAVID flu ,What is the difference between covid and other diseases ?,297,7
Scientists discovered ,What is the difference between covid and other diseases ?,1046,7
The man has been coviid for age ,What is the difference between covid and other diseases ?,185,7
Coved and essence is what is different between 2 ,What is the difference between covid and other diseases ?,474,7
How we can flight from round as a patient ,What is the difference between covid and other diseases ?,107,7
How can I say if I have a flu or covid ,What is the difference between covid and other diseases ?,178,7
What is the relationship between COV and COVID ,What is the difference between covid and other diseases ?,1019,7
What is the difference between infectionza and covid ,What is the difference between covid and other diseases ?,793,7
What makes a particularly dangerous ,What is the difference between covid and other diseases ?,60,7
What is more dangerous than shares ,What is the difference between covid and other diseases ?,141,7
There are some ways to say your covid or flu ,What is the difference between covid and other diseases ?,747,7
There are a covids before it ,What is the difference between covid and other diseases ?,811,7
How Coverids are dangerous ,What is the difference between covid and other diseases ?,370,7
How can we distinguish between itvid and flu ,What is the difference between covid and other diseases ?,509,7
How long is COVID ,What is the difference between covid and other diseases ?,832,7
Are associated with surroundings and the same thing ,What is the difference between covid and other diseases ?,788,7
Course Cove and Covid belongs to ,What is the difference between covid and other diseases ?,440,7
Coverided Covized is previously ,What is the difference between covid and other diseases ?,66,7
How Mugger is different from the flu ,What is the difference between covid and other diseases ?,659,7
There is a couple of ways about covids and flu ,What is the difference between covid and other diseases ?,713,7
I can make a quick cash during Movid Appeal ,How covid affects the economic ?,468,12
Which areas creates jobs after COVID epidemic ,How covid affects the economic ?,90,12
China is receiving COVIDS epidemic economically ,How covid affects the economic ?,441,12
Which investment strategies will be optimistic after coverd disaster's ends ,How covid affects the economic ?,699,12
Is it the right time to invest in stock market because market covider fear is unwell ,How covid affects the economic ?,86,12
The values of Real estate goes down with Cowed Terror ,How covid affects the economic ?,56,12
How can I earn money from money when I'm working from home ,How covid affects the economic ?,388,12
What kind of damage will the economy will damage ,How covid affects the economic ?,710,12
Which Stock has to buy in Moved Outbreak? ,How covid affects the economic ?,846,12
How Coverid will affect the financial market ,How covid affects the economic ?,840,12
How Molevid makes people affect personal finances ,How covid affects the economic ?,999,12
Which is the best business that to start MOVIDE COVIDE ,How covid affects the economic ?,657,12
Triggers a global recession ,How covid affects the economic ?,938,12
Where should we invest in COVID ,How covid affects the economic ?,560,12
Why Stock Market drops are dip in response to Cavid ,How covid affects the economic ?,772,12
Will be very humble in the Tech Industries because of the redemption ,How covid affects the economic ?,465,12
You can make online money during the Coveider Country Walkdown ,How covid affects the economic ?,945,12
How is coviid affected planting ,How covid affects the economic ?,486,12
Which Industries can thrive during COVIID epidemic ,How covid affects the economic ?,1006,12
What is the share market making well in the middle of the Mwid Appeal ,How covid affects the economic ?,163,12
Which stock is the most beneficial during COVIDE ,How covid affects the economic ?,32,12
What is the cause of mwdle that affects stock market ,How covid affects the economic ?,919,12
What causes stock market for covid ,How covid affects the economic ?,356,12
Will i be able to make money by purchasing stock ,How covid affects the economic ?,425,12
In which ways this industry has been influenced by a colleague ,How covid affects the economic ?,986,12
How a helper has affected this industry ,How covid affects the economic ?,630,12
Which COVIID Symptom is the first ,What is the symptoms of covid ?,308,4
What is the early symptom of covide? ,What is the symptoms of covid ?,236,4
Which COVID symptoms appear before ,What is the symptoms of covid ?,108,4
Coovid symptoms are suddenly ,What is the symptoms of covid ?,796,4
What caved sounds like ,What is the symptoms of covid ?,631,4
COVID Symptoms come soon ,What is the symptoms of covid ?,538,4
COVID symptoms suddenly come ,What is the symptoms of covid ?,609,4
What is the illness caused by covid covids ,What is the symptoms of covid ?,109,4
Which covid symptoms ,What is the symptoms of covid ?,978,4
What is the symptom of COVID 2015? ,What is the symptoms of covid ?,916,4
COVID symptoms come and go ,What is the symptoms of covid ?,399,4
What is the symptoms and complexity of covid? ,What is the symptoms of covid ?,1014,4
No symptoms are covids without ,What is the symptoms of covid ?,522,4
COVID is any neurological symptoms? ,What is the symptoms of covid ?,218,4
Is it possible to help cooperate without any symptoms? ,What is the symptoms of covid ?,898,4
Is it true young people with the coviid also the blood culte and stroke ,What is the symptoms of covid ?,26,4
What is the most common symptom of COVID ,What is the symptoms of covid ?,1011,4
COVID symptoms come fast ,What is the symptoms of covid ?,820,4
What is the name of illness because of a helper? ,What is the symptoms of covid ?,324,4
Of the quieid symptoms of ,What is the symptoms of covid ?,906,4
Cause of secondary diseases because of the covider ,What is the symptoms of covid ?,639,4
How to Symptom of COVIID ,What is the symptoms of covid ?,564,4
If I have COVIDE I will stroke ,What is the symptoms of covid ?,744,4
Can you stroke because of COVID? ,What is the symptoms of covid ?,285,4
It is possible to get a stroke from the Cavid? ,What is the symptoms of covid ?,799,4
There is an anticipating symptom of covids ,What is the symptoms of covid ?,636,4
What are the signs of the first symptoms for COVIDE ,What is the symptoms of covid ?,214,4
There are other diseases that result in the COVIDE ,What is the symptoms of covid ?,730,4
What else will there have consequences of the disease ,What is the symptoms of covid ?,380,4
How Coved symptoms begin ,What is the symptoms of covid ?,384,4
Which disease cvids cause ,What is the symptoms of covid ?,351,4
COVID patients are stroke ,What is the symptoms of covid ?,556,4
Which covid symptoms cause death ,Having COVID,250,2
Why some people in the inside of ,Having COVID,739,2
The Covid causes permanent profit damage caused ,Having COVID,947,2
Was covized and recovered ,Having COVID,922,2
What covide do in your body ,Having COVID,815,2
If infected with COVID if you can live and recover it ,Having COVID,54,2
How long can I breathe? ,Having COVID,647,2
COVIDE goes away ,Having COVID,1035,2
COVIDE will kill me ,Having COVID,447,2
What does Covid does ,Having COVID,22,2
Why many people who get COVIDS ersmomatics ,Having COVID,971,2
How Mwidide attacks the body ,Having COVID,498,2
The Covid does the irreversible damage of respirating system ,Having COVID,711,2
How long is the incubation period for COVIDE ,Having COVID,103,2
How people have been infected with a helper for a long time ,Having COVID,306,2
Covid is fatal ,Having COVID,377,2
Kovide Covids who are lasting health effects that recover from Coverid ,Having COVID,822,2
The old men with COVIDE can live ,Having COVID,545,2
Which covid does the body ,Having COVID,241,2
Coved virus will cause death to the infected patient ,Having COVID,823,2
Can you have two virgins twice ,Having COVID,307,2
Can those methods who can kill people ,Having COVID,232,2
Do we know Moidified counties ,Having COVID,764,2
What is the maximum time that someone can help without a symptom ,Having COVID,835,2
Will result in the coverid of permanent damage ,Having COVID,197,2
Absolutes how to ,Having COVID,40,2
How much time does it take for infected people to show symptoms ,Having COVID,251,2
What is the covids equation period ,Having COVID,335,2
The flu's flu prevents me from being cavid ,Having COVID,962,2
I'm at risk for covid if I have a flu ,Having COVID,476,2
Can you get a colvid if you have a flu first ,Having COVID,877,2
There are permanent effects of covid ,Having COVID,200,2
What do you do if you helped you ,What would you if you found out you or other had covid ?,179,1
What are your suggestions while sitting home during the CIVID epidemic ,What would you if you found out you or other had covid ?,172,1
We can cope with stress during the helpful ,What would you if you found out you or other had covid ?,966,1
I think I think I'm sick ,What would you if you found out you or other had covid ?,68,1
Have you used any of your plans ,What would you if you found out you or other had covid ?,426,1
What can I do if my loved one is suspicious? ,What would you if you found out you or other had covid ?,907,1
Why so many people don't take covide threat seriously ,What would you if you found out you or other had covid ?,303,1
You are using a sudden savings of the cause of the cause of Cowced socially distracted and off ,What would you if you found out you or other had covid ?,797,1
What are you doing to spend time when you are sitting home because of COVID? ,What would you if you found out you or other had covid ?,321,1
What is the one you want to do when covid ends ,What would you if you found out you or other had covid ?,203,1
Why are people visiting a marine terror during the Kvid Crisis ,What would you if you found out you or other had covid ?,340,1
Why naysayers are saying covids ,What would you if you found out you or other had covid ?,617,1
Did you enjoy what you have to love ,What would you if you found out you or other had covid ?,794,1
Have you planned to spend the next 21 curfew days due to the covedeed? ,What would you if you found out you or other had covid ?,209,1
Should i cancel my trip? ,What would you if you found out you or other had covid ?,125,1
What should I do if there is someone in my house with the ComVID ,What would you if you found out you or other had covid ?,24,1
Do you consider to get a vaccine for COVIID ,What would you if you found out you or other had covid ?,913,1
Do you take a mandatory monwids vaccine? ,What would you if you found out you or other had covid ?,131,1
COVID HAS PROPHETS A Form of COPING BSPED ,What would you if you found out you or other had covid ?,878,1
What should you do if you suspect you are suspected ,What would you if you found out you or other had covid ?,138,1
How risky is to go on vacation ,What would you if you found out you or other had covid ?,339,1
How can I be safe if someone I love ,What would you if you found out you or other had covid ?,551,1
Are there any measures that a nervous patients should be taken ,What would you if you found out you or other had covid ?,847,1
Can I still travel ,What would you if you found out you or other had covid ?,712,1
Would i get mwid if I go on a trip ,What would you if you found out you or other had covid ?,36,1
If a family members get sick of monwids what I do ,What would you if you found out you or other had covid ?,378,1
Is there any steps I have to take if I think I will live with ,What would you if you found out you or other had covid ?,535,1
Is it safe to go on vacation? ,What would you if you found out you or other had covid ?,259,1
If I have to think that I have to think if I loved ,What would you if you found out you or other had covid ?,161,1
What is the best way to deal with stress during lockundown ,What would you if you found out you or other had covid ?,741,1
Masks help prevent the spread of the mask ,How can I protect myself from a covid infection ?,127,11
Should i use mask ,How can I protect myself from a covid infection ?,367,11
How parents should keep kids safe ,How can I protect myself from a covid infection ?,420,11
How are you avoiding the covid ,How can I protect myself from a covid infection ?,309,11
Should there are recommended products for disinfects there? ,How can I protect myself from a covid infection ?,1012,11
There's something I can use to be forced ,How can I protect myself from a covid infection ?,622,11
Would i go out if I go out ,How can I protect myself from a covid infection ?,421,11
Which material do you use to make the householder face mask for covadeid ,How can I protect myself from a covid infection ?,899,11
Public transport is perfectly a helpful disaster ,How can I protect myself from a covid infection ?,314,11
Is it risky to continue working ,How can I protect myself from a covid infection ?,432,11
What is the relationship between the blood type and the risk of covid infection ,How covid spread ?,457,8
Have some blood types ,How covid spread ?,358,8
Is it safe to shop? ,How covid spread ?,693,8
Re-temperative patients are still contagious ,How covid spread ?,499,8
Can I go to the supermarket? ,How covid spread ?,242,8
Home Pets can be infected with co-control and then transmit it to other pet and humans ,How covid spread ?,571,8
COVIDE can avoid cold ,How covid spread ?,779,8
A person after recovery from COVIDE is the replica of a longer period ,How covid spread ?,336,8
What is China doing to prevent the spread of covide ,Some response from the societies,5,3
For the reasons the aggregation of the US opponent has been treated ,Some response from the societies,143,3
The Estimated and the delayed by its geneomy ,Some response from the societies,300,3
When he adopt the device to the Decintentent may heal a colleague ,Some response from the societies,942,3
What is CDC about COVID ,Some response from the societies,345,3
A Hovid a Hox ,Some response from the societies,992,3
When did we ever learn the sequence of Cavid ,Some response from the societies,867,3
How medical centers should be answered to the Cowid patient ,Some response from the societies,414,3
Why is the US so much infection ,Some response from the societies,679,3
Countries of different stages are incorporating the canvid ,Some response from the societies,580,3
What is the global measure to prevent security? To prevent covid ,Some response from the societies,357,3
Why is the other countries beyond other countries with the US test ,Some response from the societies,207,3
Why many people have died from Mwid in America ,Some response from the societies,49,3
How anxious are you about COVID? ,Some response from the societies,513,3
After COVIDE came out it's scared of you ,Some response from the societies,360,3
It's bad that ,Some response from the societies,470,3
How are hospitals in dealing with associates? ,Some response from the societies,428,3
Why people do not work for work to work for the house to work in order to help not improve support virus ,Some response from the societies,386,3
What was time to get the full sequence of COVID ,Some response from the societies,975,3
Do you think COVID outbreak is really serious ,Some response from the societies,775,3
Is special steps for the Moudid patients of the hospitals ,Some response from the societies,139,3
What strategies tried to stop the Cavid from Kevid ,Some response from the societies,348,3
What do health care providers do what the laboratory and health departments should ,Some response from the societies,368,3
Trump is managing well in Covide ,Some response from the societies,695,3
Are you terrorists in Chevid? ,Some response from the societies,455,3
How We Help Is Suppose so badly by COVID ,Some response from the societies,47,3
Why has the US has committed a coveridge than China ,Some response from the societies,818,3
What do you think about the trumps idea to break your body as a cure for sellers in your body ,Some response from the societies,692,3
There are any specific procedures to follow hospitals? ,Some response from the societies,471,3
Trump was critical when recommending COVID with disinfecting injections ,Some response from the societies,341,3
How fears are you afraid of Covide? ,Some response from the societies,933,3
Why did Trump said that influentials will kill mwid in a minute ,Some response from the societies,327,3
Coved overbornell and say a righteous or very quick ,Some response from the societies,985,3
How long did coovings have been to get the full-time sequence ,Some response from the societies,524,3
In addition to verbal swabs that discovered the presence of Covidir virus ,Testing knowledge of covid .,337,5
Why are we examining for COVID ,Testing knowledge of covid .,587,5
Pets will be tested for covid ,Testing knowledge of covid .,974,5
What kind of testing is being used to diagnose for the test? ,Testing knowledge of covid .,800,5
Should i pay to test for Covid ,Testing knowledge of covid .,637,5
Why exemption testing ,Testing knowledge of covid .,620,5
Has been displaced with a single swab test ,Testing knowledge of covid .,802,5
Are being used in pets ,Testing knowledge of covid .,677,5
There is a fee to test for COVID ,Testing knowledge of covid .,574,5
The presence of a helpful presence is the presence of a helper in the Anval ,Testing knowledge of covid .,244,5
There is a test for COVID ,Testing knowledge of covid .,463,5
Can I test my pet for COVIDE? ,Testing knowledge of covid .,469,5
Which COVIID test is more accurate ,Testing knowledge of covid .,951,5
What is the matter with people testing for COVID? ,Testing knowledge of covid .,753,5
There is necessary to be tested ,Testing knowledge of covid .,133,5
I need to test for COVIDE ,Testing knowledge of covid .,624,5
Do I need to test? ,Testing knowledge of covid .,904,5
Why we can't test everyone in the US ,Testing knowledge of covid .,958,5
ANAL has a relationship between virus and diseases of disease and the rice of disease between the presence of ,Testing knowledge of covid .,550,5
There is a relationship between seriousness and aal swab test ,Testing knowledge of covid .,745,5
Which type of test initially developed in the screen for COVIDE ,Testing knowledge of covid .,1022,5
I will charge for a Crovid test ,Testing knowledge of covid .,276,5
When to test for COVID ,Testing knowledge of covid .,412,5
It is necessary to test for covid ,Testing knowledge of covid .,152,5
How much is the coveid test cost ,Testing knowledge of covid .,99,5
Case can be predicted based on the Grevervity anal Owabs ,Testing knowledge of covid .,910,5
How do I know if I need to test ,Testing knowledge of covid .,723,5
Which COVIID Antibodi test are correct ,Testing knowledge of covid .,332,5
If antibody tests are not used for diagnosis or what their purpose is their purpose ,Testing knowledge of covid .,431,5
I have to test my pet for covized ,Testing knowledge of covid .,118,5
Coverated tests are reliable ,Testing knowledge of covid .,381,5
What is hydrocorchlolol and it is effective in treating covide ,What are treatments of covid ?,742,6
Antibiotics can kill covids ,What are treatments of covid ?,858,6
Clorologly and Azhithmycin actually work to handle the serious case of covide ,What are treatments of covid ?,830,6
Can be a cure for the Cavid ,What are treatments of covid ?,497,6
Has been issued to treat a treatment covad ,What are treatments of covid ?,588,6
There is no cure for coviid ,What are treatments of covid ?,423,6
Can I use onbuPRofen if I have CAVID ,What are treatments of covid ?,755,6
COVID can be treated with IBUPROFEN ,What are treatments of covid ?,354,6
Why don't you take the buyle during COVERD epidemic ,What are treatments of covid ?,369,6
It can be combined against the virus of COVIID virus ,What are treatments of covid ?,876,6
It is true that I can get rid of the Cover from Coverid ,What are treatments of covid ?,809,6
Coveridid vivids is alive without ventlichters ,What are treatments of covid ?,70,6
Ibuprofon has adverse effects in Mobide patients ,What are treatments of covid ?,565,6
There is a cure for Coviid ,What are treatments of covid ?,590,6
ClassMa Crovid was successful to treat patients ,What are treatments of covid ?,326,6
COVID patients should be narrowed ,What are treatments of covid ?,957,6
Why is the coveidid to be effective for quintins in Kavidi ,What are treatments of covid ?,736,6
There is a way to get rid of the coviid after being infected ,What are treatments of covid ?,769,6
How do you have to treat the Covid at home ,What are treatments of covid ?,361,6
It is safe for COVID patients to take IBUPROFEN ,What are treatments of covid ?,543,6
COVID Patients should take the IBUPROFFENSE ,What are treatments of covid ?,504,6
Mwiddud is weak in antibiotics ,What are treatments of covid ?,206,6
You believe in the use of hydroxocrickrick to deal with the colvid ,What are treatments of covid ?,746,6
Coverids can be treated with antibiotics ,What are treatments of covid ?,180,6
Coveridd sign is ,What are treatments of covid ?,67,6
Is cut trumps for preaching as a hydroxclocabor ,What are treatments of covid ?,1018,6
Drant springs can heal me if I resorted ,What are treatments of covid ?,900,6
Chorobluine (CQ) and supporting of hydroxtrum (HCQ) and endospherechhido ,What are treatments of covid ?,167,6
Proof of Anti inflammaticics with a supporting plasma of hydrocristar (HCQ) Anti-inflamaticica with a supportive sick patients with antidened plasma ,What are treatments of covid ?,101,6
How COVID patients can be treated ,What are treatments of covid ?,346,6
Covid has made an unclaiable damage of the respiratory system ,Having COVID,252,2
How long does it take for the infected person ,Having COVID,27,2
We appreciate the moidified county ,Having COVID,263,2
The time period is available for covid ,Having COVID,48,2
If infected with covid if you can live and recover it ,Having COVID,914,2
Covid has made a permanent profit damage occurs ,Having COVID,760,2
Will be very humility in the tech industry as redemption ,How covid affects the economic ?,883,12
You can earn money during the walk of Coveider Coveider ,How covid affects the economic ?,363,12
Which is the best business to start in the middle of the covid ,How covid affects the economic ?,501,12
Will Covid Trigger as a General World ,How covid affects the economic ?,897,12
Damages that make the economy to covid cause ,How covid affects the economic ?,274,12
Which stock is most useful during the covid ,How covid affects the economic ?,946,12
Real estate values reduced with terrible fears ,How covid affects the economic ?,773,12
What is it that makes the stock market better amid the epidemic of covid ,How covid affects the economic ?,642,12
Why stock markets are in response to covid ,How covid affects the economic ?,188,12
China is getting an economic root ,How covid affects the economic ?,18,12
It is a proper time to invest in stock markets when the market is unstable due to covid fear ,How covid affects the economic ?,284,12
Which industry can grow during the epidemic of covid ,How covid affects the economic ?,581,12
How can covid affected against Cryptocurrencies ,How covid affects the economic ?,383,12
I will be able to earn money by buying stock ,How covid affects the economic ?,322,12
How the CoverID will affect the financial market ,How covid affects the economic ?,582,12
For any reason the stock market is affected by Covid ,How covid affects the economic ?,843,12
Covid affects the person's personal financial finance ,How covid affects the economic ?,610,12
How molevid makes people affect personal finances ,How covid affects the economic ?,774,12
Yes my baby can still learn while in the baggage ,How is the covid affect societies ?,452,14
Do you think that the new colorful day is normally like to give ,How is the covid affect societies ?,292,14
What would be a breakpoint point to announce covid covid covid A alendemic ,Nomenclature about covid virus ?,666,13
Mowward will be declared an outbreak ,Nomenclature about covid virus ?,230,13
What is the Covid Acroromman ,Nomenclature about covid virus ?,318,13
What is the outbreak ,Nomenclature about covid virus ?,437,13
Why is an epidemic ,Nomenclature about covid virus ?,254,13
COVID things in 9 means ,Nomenclature about covid virus ?,594,13
What is the acronym covid ,Nomenclature about covid virus ?,256,13
What COVID stands for ,Nomenclature about covid virus ?,521,13
Is covid likely to be in the proportional ratio for two years ,Speculation on the impact of COVID-19 .,851,0
Covid will return ,Speculation on the impact of COVID-19 .,905,0
Would be a coveider this year ,Speculation on the impact of COVID-19 .,767,0
When Covid ends ,Speculation on the impact of COVID-19 .,909,0
What is the possibility that there is a possibility that happens to hit again ,Speculation on the impact of COVID-19 .,132,0
Every job will return fast when the spread of covid ,Speculation on the impact of COVID-19 .,11,0
Fast covider ,Speculation on the impact of COVID-19 .,272,0
Lockdown can be taken away ,Speculation on the impact of COVID-19 .,1032,0
QVID is going to go by summer ,Speculation on the impact of COVID-19 .,35,0
Get Covid estimates ,Speculation on the impact of COVID-19 .,64,0
covid dead ,Speculation on the impact of COVID-19 .,166,0
When to end Covid viruses ,Speculation on the impact of COVID-19 .,183,0
Covid will go out this year ,Speculation on the impact of COVID-19 .,173,0
When Covid will end ,Speculation on the impact of COVID-19 .,220,0
What would happen if we just give covid proceed to course and do not practice social remote ,Speculation on the impact of COVID-19 .,13,0
coviid is when ,Speculation on the impact of COVID-19 .,596,0
Can covid back after Lockdown was canceled ,Speculation on the impact of COVID-19 .,1023,0
There will be a second wave of covid infection ,Speculation on the impact of COVID-19 .,923,0
There will be a second covid infection ,Speculation on the impact of COVID-19 .,939,0
What happens if we can only run it and do not carry out social noise ,Speculation on the impact of COVID-19 .,891,0
Will Covid will disappear in spring ,Speculation on the impact of COVID-19 .,959,0
Will covid ever go ,Speculation on the impact of COVID-19 .,365,0
What is the formal End Day in Covid ,Speculation on the impact of COVID-19 .,1025,0
It is possible for Covid to come again ,Speculation on the impact of COVID-19 .,151,0
What is being making the media is doing at the US Hospital ,Tell me some report of covid virus .,941,10
How many deaths will coose in the end may cause ,Tell me some report of covid virus .,533,10
It is the fact that covid is continuously declined ,Tell me some report of covid virus .,168,10
Covid is death ,Tell me some report of covid virus .,88,10
What is the best covid model ,Tell me some report of covid virus .,37,10
Why is the World Politician Assess Covid ,Tell me some report of covid virus .,557,10
Covid Case is going to ,Tell me some report of covid virus .,960,10
I guarantee all of myself if I was comfortable ,Tell me some report of covid virus .,489,10
What a disease caused by Covid Covid ,What is the symptoms of covid ?,408,4
Covid is a neurocical symptom? ,What is the symptoms of covid ?,63,4
How to signs of covid ,What is the symptoms of covid ?,927,4
Which covid symptoms appear first ,What is the symptoms of covid ?,678,4
How to signs of Covid appears fast ,What is the symptoms of covid ?,868,4
Which covid symptoms are the first time ,What is the symptoms of covid ?,211,4
What can I do if someone I love who I wonder if they have covid ,What would you if you found out you or other had covid ?,296,1
What is your suggestion for being while in a while at home during the covid epidemic ,What would you if you found out you or other had covid ?,890,1
What steps I have to act if I think I'll be with ,What would you if you found out you or other had covid ?,83,1
What is the best way to deal with stress during lock ,What would you if you found out you or other had covid ?,824,1
We will cope with the covid period pressure ,What would you if you found out you or other had covid ?,403,1
How much risk is going to go on vacation ,What would you if you found out you or other had covid ?,148,1
You have used any of your plans ,What would you if you found out you or other had covid ?,546,1
You are planning to take 6 days next because of covid ,What would you if you found out you or other had covid ?,438,1
If family members are sick from Covid I do ,What would you if you found out you or other had covid ?,614,1
If I have to think I have to think I love ,What would you if you found out you or other had covid ?,925,1
Where covid comes from ,Where is the origin of the covid virus ?,1033,9
How did Covid began ,Where is the origin of the covid virus ?,122,9
Our natural destruction is responsible for covid ,Where is the origin of the covid virus ?,123,9
Where covid comes from ,Where is the origin of the covid virus ?,1033,9
How to come ,Where is the origin of the covid virus ?,466,9
What is covered from research laboratory ,Where is the origin of the covid virus ?,266,9
The patients patients is 0 ,Where is the origin of the covid virus ?,319,9
Are covid biolotrritism ,Where is the origin of the covid virus ?,487,9
Where covid origin ,Where is the origin of the covid virus ?,729,9
How covid began ,Where is the origin of the covid virus ?,507,9
What is Sevid come ,Where is the origin of the covid virus ?,821,9
Where covid has originated ,Where is the origin of the covid virus ?,193,9
Don't Covid come from Pangolin ,Where is the origin of the covid virus ?,552,9
COVID things come from Bowst ,Where is the origin of the covid virus ?,78,9
How has covid get started ,Where is the origin of the covid virus ?,702,9
Covid weapons are ,Where is the origin of the covid virus ?,777,9
